"customer_id";"first_name";"last_name";"geo_id"
1;"Debra";"Burks";1
2;"Kasha";"Todd";2
3;"Tameka";"Fisher";3
4;"Daryl";"Spence";4
5;"Charolette";"Rice";5
6;"Lyndsey";"Bean";6
7;"Latasha";"Hays";7
8;"Jacquline";"Duncan";8
9;"Genoveva";"Baldwin";9
10;"Pamelia";"Newman";10
11;"Deshawn";"Mendoza";11
12;"Robby";"Sykes";12
13;"Lashawn";"Ortiz";13
14;"Garry";"Espinoza";14
15;"Linnie";"Branch";15
16;"Emmitt";"Sanchez";16
17;"Caren";"Stephens";17
18;"Georgetta";"Hardin";18
19;"Lizzette";"Stein";1
20;"Aleta";"Shepard";19
21;"Tobie";"Little";20
22;"Adelle";"Larsen";21
23;"Kaylee";"English";22
24;"Corene";"Wall";23
25;"Regenia";"Vaughan";24
26;"Theo";"Reese";25
27;"Santos";"Valencia";26
28;"Jeanice";"Frost";27
29;"Syreeta";"Hendricks";24
30;"Jamaal";"Albert";28
31;"Williemae";"Holloway";29
32;"Araceli";"Golden";30
33;"Deloris";"Burke";31
34;"Brittney";"Woodward";21
35;"Guillermina";"Noble";32
36;"Bernita";"Mcdaniel";33
37;"Melia";"Brady";34
38;"Zelma";"Browning";35
39;"Janetta";"Aguirre";36
40;"Ronna";"Butler";37
41;"Kathie";"Freeman";38
42;"Tangela";"Quinn";39
43;"Mozelle";"Carter";40
44;"Onita";"Johns";41
45;"Bennett";"Armstrong";42
46;"Monika";"Berg";37
47;"Bridgette";"Guerra";43
48;"Cesar";"Jackson";33
49;"Caroll";"Hays";6
50;"Cleotilde";"Booth";19
51;"Gertrud";"Rhodes";44
52;"Tu";"Ramirez";45
53;"Saturnina";"Garner";46
54;"Fran";"Yang";47
55;"Diana";"Guerra";44
56;"Lolita";"Mosley";40
57;"Pamala";"Henry";48
58;"Damien";"Dorsey";49
59;"Latasha";"Stanley";50
60;"Neil";"Mccall";51
61;"Elinore";"Aguilar";52
62;"Alica";"Hunter";45
63;"Tenisha";"Lyons";53
64;"Bobbie";"Foster";54
65;"Kanesha";"Vega";55
66;"Lorrie";"Becker";56
67;"Tommie";"Melton";5
68;"Jayne";"Kirkland";57
69;"Katelin";"Kennedy";58
70;"Tomasa";"Carson";45
71;"Takako";"Casey";48
72;"Petronila";"Norris";59
73;"Melanie";"Hayes";33
74;"Georgeann";"Waller";60
75;"Abby";"Gamble";53
76;"Parker";"Prince";61
77;"Keri";"Bridges";62
78;"Chi";"Goff";31
79;"Ashanti";"Parks";63
80;"Sarai";"Mckee";7
81;"Zina";"Bonner";43
82;"Lizzie";"Joyner";64
83;"Tiesha";"Daniel";17
84;"Armand";"Whitehead";65
85;"Teofila";"Fischer";66
86;"Lissa";"Vargas";67
87;"Yan";"Mcgowan";68
88;"Titus";"Bullock";22
89;"Arvilla";"Osborn";69
90;"Marjorie";"Logan";70
91;"Marvin";"Mullins";71
92;"Tena";"Cruz";72
93;"Corrina";"Sawyer";73
94;"Sharyn";"Hopkins";32
95;"Letitia";"Franco";74
96;"Floretta";"Higgins";75
97;"Louanne";"Martin";76
98;"Violet";"Valenzuela";15
99;"Carie";"Kidd";10
100;"Kellie";"Franco";77
101;"Nichelle";"Howell";17
102;"Marisol";"Goodman";18
103;"Sylvie";"Wilkerson";78
104;"Katharina";"Bates";2
105;"Marget";"Hodge";79
106;"Raul";"Melendez";80
107;"Cecil";"Hopper";49
108;"Shae";"Hickman";81
109;"Monica";"Sears";82
110;"Ollie";"Zimmerman";83
111;"Shila";"White";1
112;"Yuk";"Vega";84
113;"Eliana";"Silva";72
114;"Thalia";"Horne";53
115;"Rey";"Lindsay";10
116;"Merlene";"Vinson";85
117;"Dacia";"William";19
118;"Le";"Wood";86
119;"Thalia";"Dillard";52
120;"Luz";"House";87
121;"Lucy";"Woods";31
122;"Shena";"Carter";88
123;"Robena";"Hill";89
124;"Jeni";"Booker";59
125;"Herlinda";"Stone";18
126;"Lavina";"Dejesus";90
127;"Erlinda";"Nielsen";34
128;"Terrance";"Lynn";15
129;"Walton";"Dejesus";91
130;"Wes";"Stanton";73
131;"Tanesha";"Hampton";78
132;"Boyd";"Irwin";92
133;"Delbert";"Wilkins";93
134;"Brianna";"Moss";12
135;"Dorthey";"Jackson";40
136;"Sarita";"Parks";14
137;"Shonta";"Mercer";94
138;"Jone";"Bernard";83
139;"Wanita";"Davenport";95
140;"Cleopatra";"Tate";45
141;"Ramiro";"Byers";96
142;"Nicholas";"Vazquez";84
143;"Janae";"Doyle";8
144;"Hans";"Price";97
145;"Miquel";"Neal";98
146;"Stefany";"Potter";74
147;"Bernetta";"Marquez";99
148;"Julee";"Woodard";39
149;"Meredith";"Bryan";95
150;"Weldon";"Michael";100
151;"Joesph";"Delacruz";23
152;"Katherina";"Odom";101
153;"Laraine";"Robbins";52
154;"Jenise";"Preston";102
155;"Lory";"Page";103
156;"Charlyn";"Cantrell";104
157;"Carola";"Rodriquez";105
158;"Alane";"Kennedy";95
159;"Regina";"Burns";56
160;"Omer";"Estrada";57
161;"Crystle";"Gilliam";99
162;"Kam";"Wilder";90
163;"Margert";"Stevens";55
164;"Tomika";"Larson";106
165;"Jeromy";"Burch";82
166;"Lena";"Mills";79
167;"Loreta";"Johnston";95
168;"Nettie";"Mcdaniel";107
169;"Karla";"Kirk";31
170;"Regine";"Gonzales";108
171;"Miriam";"Baker";4
172;"Jeanie";"Kirkland";109
173;"Marquerite";"Dawson";56
174;"Babara";"Ochoa";17
175;"Nova";"Hess";68
176;"Carley";"Reynolds";59
177;"Carissa";"Foreman";34
178;"Genoveva";"Tyler";16
179;"Deane";"Sears";86
180;"Karey";"Steele";72
181;"Olevia";"Pitts";3
182;"Jenniffer";"Bullock";103
183;"Jeniffer";"Ratliff";81
184;"Klara";"Stanley";110
185;"Morton";"Lee";52
186;"Ken";"Charles";11
187;"Hedwig";"Paul";111
188;"Sharla";"Flynn";108
189;"Damian";"Dawson";33
190;"Toya";"Pratt";25
191;"Graciela";"Barber";108
192;"Bong";"Hebert";28
193;"Ayanna";"Rhodes";112
194;"Dorine";"Roberson";113
195;"Addie";"Hahn";70
196;"Edythe";"Valencia";60
197;"Andy";"O'neill";114
198;"Luis";"Tyler";115
199;"Clelia";"Workman";116
200;"Ashely";"Holmes";72
201;"Candis";"Harding";117
202;"Marni";"Bolton";36
203;"Minerva";"Decker";40
204;"Alpha";"King";50
205;"Harris";"Pittman";118
206;"Stephaine";"Riddle";119
207;"Michel";"Blankenship";14
208;"Denis";"Logan";120
209;"Jutta";"Everett";121
210;"Priscilla";"Wilkins";122
211;"Gilma";"Dejesus";17
212;"Buford";"Bridges";73
213;"Elenore";"Hensley";92
214;"Ross";"Pugh";60
215;"Judith";"Finley";123
216;"Wai";"Soto";42
217;"Carline";"Collier";87
218;"Casey";"Gill";9
219;"Darcie";"Morgan";124
220;"Lucio";"Sherman";99
221;"Clementine";"Mooney";125
222;"Anya";"Contreras";21
223;"Scarlet";"Yates";126
224;"Moses";"Pope";127
225;"Barbera";"Riggs";101
226;"Kiana";"Rivera";39
227;"Danielle";"Bond";126
228;"Whitney";"Estes";128
229;"Molly";"Langley";129
230;"Chelsey";"Hardin";130
231;"Jenee";"Rasmussen";5
232;"Freddie";"Mathis";85
233;"Mariana";"Strong";109
234;"Winfred";"Harris";131
235;"Jeromy";"Elliott";103
236;"Verona";"O'neill";121
237;"Elvera";"Peck";105
238;"Cindi";"Larson";88
239;"Felice";"Guzman";132
240;"Le";"Deleon";105
241;"Manie";"Sanchez";38
242;"Rutha";"Howell";132
243;"Natosha";"Rowland";117
244;"Jessika";"Bray";133
245;"Delila";"Hamilton";31
246;"Dionne";"Norris";134
247;"Muriel";"Juarez";31
248;"Cecelia";"Gill";125
249;"Magda";"Eaton";27
250;"Ivonne";"Yang";135
251;"Kasie";"Rodriquez";117
252;"Eleni";"Gordon";39
253;"Maurice";"Norton";23
254;"Cristobal";"Hutchinson";127
255;"Flossie";"Holder";136
256;"Erma";"Salinas";44
257;"Earl";"Stanley";80
258;"Maribel";"William";28
259;"Johnathan";"Velazquez";137
260;"Rodrick";"Shelton";132
261;"Ferne";"Kline";30
262;"Rubin";"Decker";7
263;"Dortha";"Jarvis";124
264;"Mariela";"Huffman";138
265;"Mellisa";"Farley";49
266;"Myung";"Hooper";41
267;"Angelina";"Lloyd";111
268;"Trinity";"Riddle";117
269;"Barton";"Crosby";139
270;"Claudio";"Wise";140
271;"Katheleen";"Marks";13
272;"Deja";"Chaney";118
273;"Queenie";"Vance";141
274;"Josh";"Shaw";142
275;"Pinkie";"Kirkland";52
276;"Lavette";"Wright";143
277;"Mark";"Garrett";10
278;"Myesha";"Burgess";2
279;"Justina";"Long";59
280;"Brenda";"Tate";52
281;"Rayna";"Perry";141
282;"Randolph";"Chase";43
283;"Jaimee";"Day";144
284;"Susann";"Bass";77
285;"Leola";"Gould";35
286;"Virgil";"Frost";145
287;"Mireille";"Puckett";108
288;"Keturah";"Massey";105
289;"Charmain";"Webster";62
290;"Barry";"Buckner";146
291;"Boyce";"Burks";26
292;"Monty";"Frost";12
293;"Tiny";"French";101
294;"Clementina";"Sargent";55
295;"Danny";"Kim";107
296;"Sophia";"Mcmillan";4
297;"Christia";"Carson";102
298;"Jennie";"Middleton";69
299;"Jame";"Riggs";103
300;"Rayford";"Simon";147
301;"Annett";"Garrett";17
302;"Hayden";"Cross";111
303;"Rolanda";"Larsen";79
304;"Jayme";"Zamora";148
305;"Hope";"Cotton";3
306;"Vikki";"Erickson";140
307;"Fransisca";"Nicholson";46
308;"Mazie";"Fernandez";110
309;"Anderson";"Martin";18
310;"Gilberto";"Parsons";149
311;"Charise";"Burt";87
312;"Cameron";"Carroll";13
313;"Melani";"Jarvis";34
314;"Javier";"Nichols";57
315;"Justina";"Jenkins";63
316;"Hortencia";"Graham";85
317;"Christia";"Wilkins";106
318;"Eliz";"Whitney";30
319;"Justin";"Newton";111
320;"Aron";"Wiggins";124
321;"Chere";"Hardin";119
322;"Merideth";"Preston";144
323;"Jeniffer";"Slater";150
324;"Laureen";"Paul";139
325;"Berna";"Moore";48
326;"Shiela";"Calderon";58
327;"Sharie";"Alvarez";16
328;"Bettie";"Glover";85
329;"Marilyn";"Frank";97
330;"Sheba";"Knapp";106
331;"Aleta";"Mack";103
332;"Reena";"Higgins";132
333;"Ami";"Mcmahon";26
334;"Somer";"Jordan";66
335;"Scarlet";"Reed";48
336;"Trisha";"Johnson";36
337;"Majorie";"Wyatt";107
338;"Abbey";"Pugh";151
339;"Tamela";"Harrell";49
340;"Yanira";"Bradshaw";99
341;"Delana";"Scott";152
342;"Cassondra";"Pruitt";44
343;"Jesica";"Fields";77
344;"Herta";"Rollins";147
345;"Mi";"Gray";122
346;"Jacalyn";"Barnett";34
347;"Kanesha";"Hudson";29
348;"Darren";"Witt";64
349;"Mable";"Pratt";64
350;"Christoper";"Mccall";103
351;"Margorie";"Wynn";11
352;"Josef";"Greer";118
353;"Tisa";"Whitney";11
354;"Tonda";"Armstrong";26
355;"Arvilla";"Weiss";103
356;"Vashti";"Rosario";48
357;"Sheri";"Cole";82
358;"Kandace";"Giles";153
359;"Angie";"Powers";154
360;"Van";"Peters";40
361;"Virgina";"Berg";155
362;"Olevia";"Noel";140
363;"Kaci";"Gallegos";117
364;"Bev";"Chang";156
365;"Rodger";"Rojas";75
366;"Lavonne";"Anderson";81
367;"Blanca";"Hooper";141
368;"Alysha";"Powers";151
369;"Mary";"Singleton";106
370;"Jina";"Cooper";88
371;"Loni";"Duncan";157
372;"Collene";"Roman";158
373;"Mariette";"Trevino";47
374;"Candelaria";"Coffey";44
375;"Yan";"Trevino";4
376;"Elanor";"Patrick";20
377;"Klara";"Mosley";97
378;"Rosalba";"O'neal";152
379;"Mina";"Carrillo";4
380;"Alesia";"Horne";121
381;"Kristen";"Alvarez";48
382;"Collin";"Webster";88
383;"Ashlee";"Pena";123
384;"Aimee";"Merritt";159
385;"Rochelle";"Ward";46
386;"Nelle";"Beck";69
387;"Kaila";"Walters";80
388;"Aleta";"Stone";123
389;"Leif";"Short";52
390;"Lorrie";"Pollard";143
391;"Vernita";"Ball";160
392;"Cyndi";"Bush";80
393;"Gertrude";"Terry";69
394;"Virgen";"Clemons";59
395;"Fairy";"Robinson";33
396;"Laverna";"Hernandez";134
397;"Jeannie";"Wilcox";70
398;"Suellen";"Mercado";26
399;"Bart";"Hess";140
400;"Alfredo";"Dodson";161
401;"Shaunda";"Barnett";13
402;"Kerrie";"Morton";86
403;"Elouise";"Fry";132
404;"Augustus";"Steele";117
405;"Greta";"Page";77
406;"Kerrie";"O'neill";162
407;"Dannette";"Guerrero";133
408;"Edra";"Fitzgerald";49
409;"Jerome";"Bolton";163
410;"Conception";"Slater";139
411;"Octavia";"Case";16
412;"Dexter";"Roberts";26
413;"Ginette";"Edwards";63
414;"Romaine";"Haley";156
415;"Gwendolyn";"Miller";164
416;"Luke";"Fuller";12
417;"Zoraida";"Patton";66
418;"Georgeanna";"Webster";108
419;"Krystin";"Marshall";144
420;"Vince";"Schneider";44
421;"Iola";"Rasmussen";10
422;"Valery";"Saunders";20
423;"Johna";"Powers";130
424;"Charleen";"Hurst";47
425;"Augustina";"Joyner";152
426;"Daisy";"Ward";154
427;"Latonya";"Dixon";56
428;"Hipolito";"Padilla";165
429;"Emmett";"Casey";155
430;"Kandi";"Mcneil";136
431;"Luciano";"Marsh";139
432;"Julius";"Holt";131
433;"Holly";"Nieves";13
434;"Douglass";"Little";68
435;"Izola";"Hobbs";79
436;"Honey";"Camacho";75
437;"Laureen";"Barry";1
438;"Katharine";"Herrera";38
439;"Sunshine";"Rosario";118
440;"Yevette";"Todd";117
441;"Dorthea";"Walker";9
442;"Alane";"Munoz";166
443;"Ayana";"Keith";108
444;"Caridad";"Compton";43
445;"Earline";"Ballard";152
446;"Nathanael";"Bradley";167
447;"Chasidy";"Tran";168
448;"Janella";"Bright";169
449;"Josie";"Schultz";132
450;"Ellsworth";"Michael";163
451;"Jennette";"Wooten";57
452;"Cassandra";"Nichols";112
453;"Courtney";"Wyatt";138
454;"Terese";"Palmer";103
455;"Sherita";"Cherry";33
456;"Serina";"Hensley";118
457;"Jeni";"Farley";39
458;"Everett";"Vega";129
459;"Latosha";"Dalton";170
460;"Romelia";"Myers";138
461;"Effie";"Jenkins";128
462;"Efren";"Oliver";171
463;"Jerlene";"Rios";101
464;"Bess";"Mcbride";138
465;"Birdie";"Kramer";73
466;"Collen";"Hayes";99
467;"Clare";"Neal";24
468;"Jeanett";"Herman";65
469;"Micki";"Rutledge";39
470;"Loise";"Walker";162
471;"Burma";"Summers";172
472;"Myron";"Ruiz";53
473;"Lashawna";"Richardson";63
474;"Lavern";"Orr";110
475;"Alec";"Peck";20
476;"Christopher";"Richardson";113
477;"Arminda";"Weber";139
478;"Emmett";"Hahn";172
479;"Gertha";"Mejia";159
480;"Garland";"Weaver";167
481;"Jayson";"Rutledge";173
482;"Narcisa";"Knapp";115
483;"Gayla";"Sims";65
484;"Chelsey";"Boyd";85
485;"Catherine";"Miles";45
486;"Valeri";"Marshall";131
487;"Grace";"Madden";133
488;"Joaquin";"Hawkins";83
489;"Kirstie";"Vazquez";74
490;"Yu";"Mcdonald";27
491;"Celestine";"Jacobs";94
492;"Justa";"Thompson";174
493;"Lise";"Alvarado";92
494;"Pearl";"Fox";4
495;"Travis";"Goodman";160
496;"Shu";"Mays";35
497;"Ezra";"Fowler";171
498;"Edda";"Young";60
499;"Lidia";"Ashley";32
500;"Moira";"Lester";8
501;"Tony";"Hicks";83
502;"Malinda";"Baxter";123
503;"Marlo";"Jefferson";134
504;"Tiana";"Henderson";70
505;"Wilda";"Petersen";118
506;"Irving";"Pitts";28
507;"Sheree";"Pena";98
508;"Vance";"Taylor";36
509;"Terra";"Pickett";167
510;"Faustino";"Delacruz";175
511;"Julienne";"Moody";176
512;"Hee";"Greer";121
513;"Whitney";"Cash";92
514;"Clarita";"Curry";22
515;"Reita";"Dickson";17
516;"Rosa";"Kinney";119
517;"Buford";"Gilbert";139
518;"Homer";"Powers";31
519;"Rudolf";"Gilliam";31
520;"Andreas";"Herman";152
521;"Max";"Charles";177
522;"Tammera";"Fischer";29
523;"Joshua";"Robertson";126
524;"Larraine";"Horn";47
525;"Andreas";"Mayer";165
526;"Lazaro";"Moran";19
527;"Afton";"Juarez";93
528;"Angele";"Schroeder";178
529;"Ellena";"Clements";179
530;"Selene";"Austin";68
531;"Kimberely";"Bowen";73
532;"Mia";"Delgado";64
533;"Garret";"Clay";89
534;"Alejandro";"Haney";153
535;"Inge";"Olsen";25
536;"Christiane";"Bradford";1
537;"Carter";"Bentley";163
538;"Sherie";"Ayala";59
539;"Jamika";"Acevedo";141
540;"Shery";"Randolph";180
541;"Lanita";"Burton";64
542;"Timothy";"Byers";143
543;"Jasmin";"Young";102
544;"Catarina";"Mendez";104
545;"Tajuana";"Rollins";67
546;"Thad";"Castro";128
547;"Tena";"Huber";90
548;"Dori";"Alvarez";140
549;"Elmo";"Arnold";25
550;"Felicidad";"Golden";91
551;"Jenine";"Crane";176
552;"Lea";"Key";105
553;"Rory";"Cooper";58
554;"Hilde";"Nieves";2
555;"Marry";"Benjamin";14
556;"Vernell";"Goff";10
557;"Erlene";"Cook";152
558;"Carroll";"Kelly";10
559;"Basilia";"Thornton";128
560;"Tricia";"Daniels";14
561;"Kandace";"Hughes";43
562;"Alejandro";"Norman";69
563;"Rodney";"Odom";39
564;"Bettie";"Pierce";72
565;"Dagny";"Owen";52
566;"Cinthia";"Poole";173
567;"Sheila";"Travis";13
568;"Arcelia";"Vinson";104
569;"Lucas";"Estes";179
570;"Marissa";"Summers";96
571;"Kaley";"Blanchard";31
572;"Wm";"Pope";181
573;"Rubye";"Mccall";73
574;"Adriene";"Rivera";37
575;"Laurence";"Christian";118
576;"Shirely";"Stanley";135
577;"Danille";"Mcfarland";58
578;"Salena";"Day";43
579;"Matilda";"Larson";164
580;"Mellisa";"Kim";182
581;"Vonda";"Berger";109
582;"Soledad";"Moses";8
583;"Lashandra";"Turner";25
584;"Lynne";"Anderson";135
585;"Chasidy";"Webster";58
586;"Ulysses";"Gaines";11
587;"Euna";"Lopez";163
588;"Cherelle";"Key";155
589;"Jeffry";"Church";137
590;"Cyndi";"Dyer";63
591;"Danilo";"Holmes";112
592;"Joni";"Lee";146
593;"Antony";"Atkinson";99
594;"Deanne";"Parsons";65
595;"Frederica";"Rojas";156
596;"Emelda";"Dickerson";92
597;"Rudolf";"Moran";34
598;"Benito";"Hendrix";161
599;"Jonell";"Rivas";115
600;"Joi";"Reeves";71
601;"Leland";"Mcdowell";37
602;"Delaine";"Estes";115
603;"Genevieve";"Juarez";183
604;"Kylee";"Dickson";53
605;"Renita";"Henry";165
606;"Sarah";"Kirkland";158
607;"Paul";"Lester";168
608;"Taisha";"Vang";162
609;"Eliana";"Reese";79
610;"Leonore";"Dorsey";8
611;"Ashleigh";"Frank";145
612;"Gabriel";"Wagner";117
613;"Margene";"Eaton";153
614;"Toshia";"Cardenas";167
615;"Jamika";"Blanchard";184
616;"Shery";"Acosta";74
617;"Jenna";"Saunders";185
618;"Skye";"Pope";39
619;"Ana";"Palmer";83
620;"Eric";"Hardin";118
621;"Basil";"Ballard";43
622;"Gabriel";"Pitts";186
623;"Cayla";"Johnson";93
624;"Sharika";"Colon";25
625;"Donnetta";"Henson";110
626;"Leigh";"Burke";150
627;"Deloris";"Larson";68
628;"Ehtel";"Cobb";91
629;"Evelina";"Byrd";7
630;"Zulema";"Browning";167
631;"Tressa";"Weiss";27
632;"Yvette";"Rogers";70
633;"Kiara";"Deleon";83
634;"Taylor";"Cole";163
635;"Myrtie";"James";44
636;"Ashton";"Lott";81
637;"Kara";"Higgins";27
638;"Tomeka";"Higgins";144
639;"Ronald";"Parsons";34
640;"Allison";"Nolan";178
641;"Derrick";"Marks";46
642;"Yang";"Roth";110
643;"Melba";"Wilkinson";81
644;"Valentin";"Mclaughlin";65
645;"Lewis";"Garner";128
646;"Ann";"Heath";59
647;"Janelle";"Maldonado";39
648;"Catrice";"Hicks";133
649;"Eli";"Contreras";143
650;"Rita";"Bailey";27
651;"Laure";"Pena";158
652;"Tilda";"Melton";73
653;"Florencio";"Davenport";187
654;"Eun";"Harris";71
655;"Marylyn";"Browning";17
656;"Romana";"Barnes";81
657;"Sam";"Lester";63
658;"Nicki";"Larson";11
659;"Antonetta";"Rocha";97
660;"Shara";"Pope";120
661;"Trena";"Hudson";10
662;"Loraine";"Sykes";17
663;"Alissa";"Hood";116
664;"Augustus";"Schmidt";174
665;"Stacie";"Sims";29
666;"Brittni";"Green";81
667;"Etsuko";"Garrison";39
668;"Calandra";"Stanton";173
669;"Willis";"Randolph";164
670;"Shawnda";"Glover";33
671;"Jennette";"Baker";105
672;"Elma";"Molina";165
673;"Adam";"Henderson";160
674;"Ira";"Moore";74
675;"Kermit";"Bowman";135
676;"Gayle";"Wilkinson";65
677;"Launa";"Hull";102
678;"Myron";"Johns";123
679;"Tuan";"Wolfe";188
680;"Mathilda";"Pennington";178
681;"Reatha";"Perez";129
682;"Arnita";"Thomas";1
683;"Amparo";"Burks";44
684;"Jenny";"Bell";134
685;"Laverne";"Craft";151
686;"Darcel";"Harmon";109
687;"Cecilia";"Camacho";54
688;"Pearlie";"Cochran";2
689;"Deirdre";"Ryan";47
690;"Yevette";"Elliott";8
691;"Ladawn";"Downs";40
692;"Dorothea";"Chang";35
693;"Merlin";"Foreman";12
694;"Lanie";"Dunn";60
695;"Christoper";"Gould";162
696;"Norine";"Huffman";37
697;"Alane";"Mccarty";71
698;"Charleen";"Joyner";174
699;"Zella";"Fernandez";50
700;"Collene";"Knox";89
701;"Alysia";"Nicholson";108
702;"Sharie";"Whitaker";44
703;"Diana";"Cobb";30
704;"Morton";"Barron";170
705;"Camille";"Harvey";100
706;"Lolita";"O'neill";136
707;"Terese";"Briggs";106
708;"Majorie";"Glover";111
709;"Vinnie";"Chan";151
710;"Ezra";"Silva";116
711;"Jovita";"Bishop";98
712;"Kecia";"Olsen";113
713;"Ilona";"Spears";61
714;"Senaida";"Thompson";48
715;"Larae";"Carney";26
716;"Sebrina";"Hart";93
717;"Kristofer";"Craig";101
718;"Luciana";"Mcgee";121
719;"Nicki";"Fry";189
720;"Devin";"Shaffer";169
721;"Erlinda";"Osborne";104
722;"Camila";"Carroll";190
723;"Vicki";"Wiggins";158
724;"Lois";"Steele";27
725;"Carola";"Mcpherson";114
726;"Rochell";"Cantrell";61
727;"Kasha";"Sullivan";17
728;"Viva";"Dawson";1
729;"Hue";"Dalton";111
730;"Andria";"Rivers";115
731;"Hilary";"Savage";108
732;"Lavona";"Austin";47
733;"Doreatha";"Ford";100
734;"Alina";"Mcleod";126
735;"Aide";"Franco";23
736;"Genny";"Hensley";3
737;"Melita";"Dominguez";181
738;"Fannie";"Jenkins";108
739;"Bobbi";"Banks";75
740;"Gwenn";"Melton";146
741;"Laci";"Castro";96
742;"Evelina";"Manning";152
743;"Tania";"Swanson";13
744;"Laurel";"Schultz";152
745;"Carolyne";"Conley";81
746;"Eldridge";"Greer";49
747;"Margret";"Barnett";14
748;"Oliva";"Blackwell";80
749;"Oralia";"Farley";69
750;"Romaine";"Salazar";11
751;"Hermila";"Mckay";64
752;"Lloyd";"Miranda";37
753;"Mandi";"Gibbs";45
754;"Hue";"May";155
755;"Tomika";"Wilder";183
756;"Graig";"Roth";188
757;"Lamar";"Greer";145
758;"Raymonde";"Garcia";38
759;"Cira";"Downs";29
760;"Marisa";"Chambers";53
761;"Rod";"Hatfield";143
762;"Quyen";"Houston";49
763;"Han";"Schneider";80
764;"Terrell";"Mathis";121
765;"Spring";"Hayes";27
766;"Lecia";"Hancock";150
767;"Twana";"Arnold";83
768;"Yvone";"Yates";133
769;"Agatha";"Melton";148
770;"Lavonda";"Stephenson";103
771;"Agnes";"Sims";7
772;"Latricia";"Lindsey";185
773;"Yolando";"Wade";94
774;"Nenita";"Mooney";127
775;"Kermit";"Hyde";126
776;"Angelique";"Merrill";59
777;"Ilda";"Roberson";140
778;"Corrinne";"Garrison";20
779;"Major";"Merrill";35
780;"Ouida";"Gregory";44
781;"Tajuana";"Riddle";75
782;"Ricki";"Bullock";106
783;"Celestine";"Kent";36
784;"Debbra";"Jacobson";117
785;"Kandis";"Mills";92
786;"Wallace";"Lane";175
787;"Malisa";"Mitchell";152
788;"Lilliam";"Nolan";191
789;"Tad";"Gardner";134
790;"Petronila";"Gallegos";88
791;"Yun";"Nelson";117
792;"Edgar";"Horn";188
793;"Chantay";"Maynard";80
794;"Donette";"Mccarthy";3
795;"Mariam";"Miranda";70
796;"Rosalie";"Coffey";69
797;"Cathey";"Lamb";75
798;"Alyse";"Jacobson";136
799;"India";"Barron";100
800;"Cris";"Dunn";86
801;"Ophelia";"Rodgers";142
802;"Barrett";"Sanders";13
803;"Bernardina";"Cooper";123
804;"Douglas";"Richards";155
805;"Phillis";"Fowler";186
806;"Reyes";"Merritt";98
807;"Nathalie";"Knowles";104
808;"Vallie";"Dixon";57
809;"Elnora";"Simpson";139
810;"Ivelisse";"Nixon";40
811;"Shanti";"Johnston";98
812;"Martha";"Burgess";79
813;"Neville";"Mcclain";84
814;"Ghislaine";"Compton";65
815;"Leanna";"Manning";112
816;"Marshall";"Johnson";168
817;"Zelda";"Pratt";36
818;"Joel";"Wynn";71
819;"Yahaira";"Robertson";189
820;"Sandy";"Mills";150
821;"Cassidy";"Clark";35
822;"Kristy";"Watkins";88
823;"Tina";"Bush";34
824;"Veronika";"Rollins";110
825;"Kristel";"Byrd";112
826;"Shay";"Stephenson";99
827;"George";"Pickett";26
828;"Renato";"Morton";152
829;"Marcy";"Rodriguez";91
830;"Edmund";"Gaines";191
831;"Lory";"Berg";67
832;"Pamala";"Fowler";117
833;"Leone";"Emerson";123
834;"Brain";"Skinner";85
835;"Roseanne";"Maynard";85
836;"Corinna";"Adams";157
837;"Kellye";"Campbell";32
838;"Erna";"Sloan";88
839;"Carolann";"Russell";177
840;"Gilbert";"Calhoun";45
841;"Manie";"Maxwell";143
842;"Giselle";"Robles";52
843;"Tessie";"Farmer";15
844;"Felica";"Munoz";107
845;"Kathyrn";"Bush";48
846;"Sylvester";"Chan";58
847;"Lizette";"Ellison";9
848;"Ernestina";"Skinner";80
849;"Phyllis";"Hill";78
850;"Stephanie";"Browning";57
851;"Arlena";"Buckner";183
852;"Lezlie";"Thompson";172
853;"Brittney";"Rojas";140
854;"Phylis";"Adkins";16
855;"Lean";"Stark";69
856;"Lara";"Guy";143
857;"Inga";"Koch";116
858;"Klara";"Kim";55
859;"Julianne";"Shannon";19
860;"Loni";"Mullen";107
861;"Olympia";"Figueroa";142
862;"Mellie";"Puckett";184
863;"Shonta";"Preston";47
864;"Lore";"Sykes";7
865;"Julia";"Joyner";35
866;"Lynwood";"Jackson";13
867;"Rosalva";"Hamilton";2
868;"Domingo";"Casey";82
869;"Rodrigo";"Durham";39
870;"Dwain";"Carlson";99
871;"Erlinda";"Humphrey";116
872;"Silas";"Tate";89
873;"Patience";"Clayton";134
874;"Mila";"Good";15
875;"Tanesha";"Sawyer";157
876;"Onita";"Macdonald";177
877;"Janine";"Manning";88
878;"Melodie";"Melton";99
879;"Ethelyn";"Ray";138
880;"Phebe";"Turner";26
881;"Chloe";"Patel";179
882;"Hilda";"Harvey";117
883;"Gilberte";"Duke";135
884;"Willian";"Hardin";67
885;"Janna";"Hayden";13
886;"Letisha";"May";60
887;"Graig";"Cannon";78
888;"Coleen";"Navarro";110
889;"Lucilla";"Williams";51
890;"Rosanne";"George";27
891;"Ashlie";"Parrish";11
892;"Alissa";"Craft";27
893;"Letty";"Cobb";161
894;"Nathaniel";"Richard";116
895;"Elaina";"Key";101
896;"Stefani";"Gamble";178
897;"Bettyann";"Acosta";36
898;"Crysta";"Velez";40
899;"Carisa";"Carpenter";20
900;"Jule";"Davenport";51
901;"Lonna";"Franks";180
902;"Elease";"Dejesus";67
903;"Maira";"Long";112
904;"Jana";"Thomas";82
905;"Hae";"Ramirez";32
906;"Erik";"Leblanc";19
907;"Daina";"Sampson";13
908;"Delmar";"Wise";91
909;"Alita";"Salinas";4
910;"Elenore";"William";125
911;"Nikita";"Roy";86
912;"Inocencia";"Key";136
913;"Liliana";"Kerr";54
914;"Hortencia";"O'neil";50
915;"Beryl";"Bennett";5
916;"Alishia";"Elliott";152
917;"Vernia";"Madden";73
918;"Kristel";"Bullock";99
919;"Ruthanne";"Hoover";28
920;"James";"Robles";60
921;"Evelin";"Vargas";110
922;"Elvia";"Cardenas";94
923;"Randee";"Pitts";132
924;"Lea";"Irwin";116
925;"Bryce";"Monroe";140
926;"Katina";"Mcintosh";170
927;"Guillermo";"Hart";16
928;"Joann";"Barber";179
929;"Thurman";"Ellis";137
930;"Delana";"Wagner";186
931;"Porter";"Bass";52
932;"Yvonne";"Bean";158
933;"Lurline";"Rivers";88
934;"Ocie";"Slater";92
935;"Genevie";"Miles";10
936;"Sherilyn";"Wilcox";27
937;"Aida";"Koch";84
938;"Emory";"O'connor";169
939;"Maximina";"Hutchinson";89
940;"Marina";"Hinton";37
941;"Danyell";"Dickerson";49
942;"Davis";"Long";36
943;"Lynn";"Mcmahon";17
944;"Tonja";"Henderson";17
945;"Krissy";"Ochoa";9
946;"Angella";"Bridges";86
947;"Angele";"Castro";31
948;"Siobhan";"Lang";145
949;"Venessa";"Frost";17
950;"Verna";"Solis";169
951;"Steve";"Bender";17
952;"Aileen";"Marquez";28
953;"Kattie";"Stevenson";102
954;"Hassan";"Nash";112
955;"Delfina";"Gilliam";188
956;"Venus";"Hewitt";72
957;"Stephen";"Vega";83
958;"Ciera";"Koch";85
959;"Christel";"Barber";5
960;"Arline";"Lawson";12
961;"Iva";"Wilcox";140
962;"Maple";"Griffin";191
963;"Anisha";"Lang";55
964;"Brent";"Calderon";89
965;"Margit";"Osborn";101
966;"Novella";"Patel";177
967;"Laurette";"Hebert";18
968;"Jonna";"Brown";24
969;"Jennell";"Solis";169
970;"Ruth";"Horton";22
971;"Samual";"Warner";128
972;"Damian";"Mills";25
973;"Margaretta";"Clayton";120
974;"Marcell";"Barrett";35
975;"Annis";"Sanchez";182
976;"Ayanna";"Cherry";99
977;"Barton";"Cox";53
978;"Diana";"Reyes";48
979;"Ingeborg";"Ellison";156
980;"Carter";"Booth";97
981;"Christel";"Cardenas";25
982;"Orval";"Hunter";52
983;"Marguerite";"Berger";30
984;"Ivette";"Warren";70
985;"Milagros";"Weber";164
986;"Marcel";"Lindsay";27
987;"Louis";"Powell";98
988;"Vanda";"Holmes";78
989;"Loreen";"Byers";107
990;"Casimira";"Chapman";10
991;"Brigida";"Larson";132
992;"Chere";"Alston";126
993;"Giovanna";"Jefferson";120
994;"Demarcus";"Reese";185
995;"Amina";"Salazar";18
996;"Serafina";"Clemons";162
997;"Trinidad";"Mcclain";63
998;"Heather";"Chaney";187
999;"Latoya";"Johns";117
1000;"Shiloh";"Reeves";188
1001;"Lee";"Roman";128
1002;"Cami";"Williamson";94
1003;"Sharell";"Ross";168
1004;"Jerald";"Blackwell";45
1005;"Ruthanne";"Franco";35
1006;"Marjory";"Leonard";111
1007;"Jimmy";"Russell";88
1008;"Berneice";"Pollard";14
1009;"Deangelo";"Cooley";157
1010;"Katia";"Henry";42
1011;"Sebrina";"Gross";56
1012;"Josephine";"Dale";32
1013;"Alma";"Peck";174
1014;"Ling";"Newman";175
1015;"Nichelle";"Rosario";138
1016;"Shenna";"Benton";16
1017;"Philip";"Bryan";29
1018;"Carita";"Salinas";34
1019;"Janie";"Herrera";80
1020;"Lorraine";"Marks";51
1021;"Nicolas";"Carlson";96
1022;"Hye";"Mercer";24
1023;"Adena";"Blake";117
1024;"Coleman";"Boyd";135
1025;"Daphine";"Willis";72
1026;"Jenine";"Dawson";189
1027;"Shanita";"Wiley";96
1028;"Shanna";"Bonner";18
1029;"Ping";"Quinn";57
1030;"Saran";"Moses";119
1031;"Tonja";"Bean";6
1032;"Vernon";"Knowles";66
1033;"Jeannette";"Skinner";151
1034;"Rico";"Salas";146
1035;"Tangela";"Hurley";2
1036;"Randee";"Lester";146
1037;"Ashanti";"Hammond";171
1038;"Garry";"Juarez";151
1039;"Bee";"Baker";33
1040;"Shantae";"Hammond";20
1041;"Bettye";"Espinoza";67
1042;"Larissa";"Hays";41
1043;"Diane";"Jones";184
1044;"Zenia";"Bruce";157
1045;"Pasquale";"Hogan";168
1046;"Dane";"Mcdaniel";18
1047;"Jamaal";"Baker";80
1048;"Ji";"Burt";111
1049;"Marcelino";"Mcbride";186
1050;"Rozella";"Fitzgerald";162
1051;"Tonisha";"Fowler";66
1052;"Zora";"Ford";5
1053;"Parthenia";"Figueroa";24
1054;"Arielle";"Levine";56
1055;"Hildegarde";"Christensen";34
1056;"Rebbecca";"Espinoza";152
1057;"Conchita";"Boone";152
1058;"Aisha";"Woods";110
1059;"Season";"Harvey";21
1060;"Tommie";"Cooley";36
1061;"Alanna";"Barry";85
1062;"Jerri";"Guthrie";163
1063;"Tammy";"Austin";173
1064;"Patsy";"Russo";57
1065;"Desiree";"Branch";43
1066;"Raeann";"Duncan";83
1067;"Lillia";"Gillespie";114
1068;"Doris";"Kaufman";68
1069;"Rodolfo";"Buck";162
1070;"Olimpia";"Mays";192
1071;"Shemeka";"Lyons";154
1072;"Maryalice";"Henry";62
1073;"Leeanne";"Cross";75
1074;"Lanelle";"Guerra";81
1075;"Dann";"Huff";66
1076;"Sherise";"Mercer";168
1077;"Heather";"Perry";26
1078;"Theresia";"Barron";151
1079;"Cindi";"Ellis";81
1080;"Mirella";"Duffy";13
1081;"Carson";"Macias";165
1082;"Divina";"Madden";25
1083;"Cher";"Alston";153
1084;"Regine";"Odom";70
1085;"Adam";"Thornton";49
1086;"Cori";"Schwartz";118
1087;"Willow";"Gardner";137
1088;"Jane";"Henderson";111
1089;"Chere";"Mcfadden";1
1090;"Ira";"Erickson";61
1091;"Risa";"Gallagher";58
1092;"Lavinia";"Cotton";21
1093;"Alejandrina";"Hodges";130
1094;"Keitha";"Black";65
1095;"Corene";"Swanson";114
1096;"Tonda";"Webb";32
1097;"Collen";"Dennis";133
1098;"Treasa";"Dickerson";50
1099;"Jewell";"Reyes";8
1100;"Penny";"Acevedo";117
1101;"Louise";"Flowers";161
1102;"Henrietta";"Wagner";176
1103;"Ardelia";"Cooley";132
1104;"Khalilah";"Robertson";95
1105;"Armando";"Black";62
1106;"Jerri";"Henry";95
1107;"Lynda";"Newman";74
1108;"Bao";"Wade";54
1109;"Gussie";"Harding";130
1110;"Shirely";"Cantrell";84
1111;"Caroline";"Jenkins";62
1112;"Hollis";"Rasmussen";94
1113;"Kendra";"Harrington";187
1114;"Douglass";"Blankenship";122
1115;"Lina";"Meadows";177
1116;"Patria";"Harper";35
1117;"Jeffrey";"Hill";157
1118;"Ja";"Dillard";132
1119;"Tora";"Dunlap";11
1120;"Karole";"Alvarez";21
1121;"Shasta";"Combs";185
1122;"Cicely";"Deleon";136
1123;"Raphael";"O'neil";6
1124;"Hubert";"Reilly";53
1125;"Caleb";"England";137
1126;"Elmira";"Levy";95
1127;"Waldo";"Hart";38
1128;"Bea";"Kane";24
1129;"Gilberto";"Sanders";106
1130;"Benny";"Bender";41
1131;"Desmond";"Rose";152
1132;"Parthenia";"Holman";156
1133;"Dung";"King";104
1134;"Sherril";"Alvarado";54
1135;"Alisia";"Albert";56
1136;"Kallie";"Best";169
1137;"Dottie";"Roberts";9
1138;"Hubert";"Stone";120
1139;"Gabriella";"Jones";152
1140;"Penney";"Hall";33
1141;"Mallie";"Osborn";90
1142;"Britteny";"Schroeder";86
1143;"Sommer";"Hopkins";193
1144;"Jewel";"Sparks";192
1145;"Deandrea";"Vega";166
1146;"Charlsie";"Carson";96
1147;"Kandace";"Ayers";179
1148;"Lenore";"Valdez";95
1149;"Drucilla";"Gilliam";109
1150;"Keturah";"Reid";89
1151;"Herminia";"Reyes";146
1152;"Tuyet";"Rosa";59
1153;"Ara";"Vazquez";51
1154;"Barry";"Albert";181
1155;"Verdell";"Joyner";194
1156;"Han";"Wade";88
1157;"Anton";"Barton";7
1158;"Vito";"Pickett";18
1159;"Charlene";"Norris";78
1160;"Efren";"Whitfield";85
1161;"Santa";"Larson";155
1162;"Carmelina";"Sellers";156
1163;"Carmela";"Hays";127
1164;"Patrina";"Tanner";17
1165;"Rikki";"Morrow";176
1166;"Junita";"Reese";103
1167;"Ryan";"Carter";171
1168;"Almeta";"Benjamin";26
1169;"Beatris";"Joyner";95
1170;"Mechelle";"Chan";39
1171;"Earlean";"Pena";55
1172;"Katherin";"Clark";86
1173;"Chanel";"May";138
1174;"Aaron";"Knapp";166
1175;"Sindy";"Anderson";154
1176;"Sheree";"Blanchard";38
1177;"Charlesetta";"Soto";144
1178;"Wendie";"Nash";108
1179;"Vernetta";"Banks";119
1180;"Myrtle";"Gardner";72
1181;"Agustina";"Lawrence";119
1182;"Trinidad";"Chapman";143
1183;"Kim";"Clark";44
1184;"Annabelle";"Hebert";95
1185;"Corine";"Stuart";186
1186;"Kiesha";"Bond";51
1187;"Kenyetta";"Mason";159
1188;"Marcene";"Curtis";166
1189;"Sheila";"Goodman";4
1190;"Romeo";"Steele";61
1191;"Tam";"Fisher";169
1192;"Gena";"Owens";54
1193;"Phebe";"Soto";107
1194;"Leticia";"Snyder";86
1195;"Chantell";"Bridges";7
1196;"Ileana";"Holt";126
1197;"Nakisha";"Clay";9
1198;"Cheryll";"Snyder";119
1199;"Consuela";"Collier";60
1200;"Aubrey";"Durham";9
1201;"Nita";"Guy";97
1202;"Carmina";"Emerson";105
1203;"Georgeann";"Rojas";54
1204;"Leslie";"Higgins";74
1205;"Emmaline";"Huber";152
1206;"Mercy";"Brown";22
1207;"Jenell";"Crosby";128
1208;"Leila";"Barr";163
1209;"Deandrea";"Cox";100
1210;"Shawnna";"Frank";106
1211;"Brenton";"Whitaker";134
1212;"Jaqueline";"Cummings";66
1213;"Yang";"Giles";52
1214;"Brigid";"Sharp";109
1215;"Karl";"Stephens";50
1216;"Elvina";"Gates";137
1217;"Carlie";"Terrell";166
1218;"Donovan";"Cantrell";29
1219;"Alden";"Atkinson";162
1220;"Carissa";"Cross";66
1221;"Joy";"Underwood";111
1222;"Geraldine";"O'donnell";159
1223;"Bronwyn";"Vargas";116
1224;"Abram";"Copeland";164
1225;"Mellisa";"Griffin";160
1226;"Qiana";"Jackson";21
1227;"Magali";"Dixon";73
1228;"Zulema";"Clemons";29
1229;"Carina";"Lynch";158
1230;"Jesus";"Burch";54
1231;"Selene";"Vega";2
1232;"Jong";"Guthrie";42
1233;"Lise";"Hebert";168
1234;"Joshua";"Berg";27
1235;"Georgina";"Gonzales";189
1236;"Rudolph";"Velez";152
1237;"Luke";"Kramer";42
1238;"Edgar";"Quinn";164
1239;"Tara";"Maynard";65
1240;"Bella";"Perez";68
1241;"Nathaniel";"Davidson";55
1242;"Chauncey";"Donaldson";70
1243;"Heide";"Reed";81
1244;"Trang";"Hardin";161
1245;"Gabriela";"Warren";25
1246;"Dale";"Rasmussen";140
1247;"Tammie";"Cherry";94
1248;"Bethany";"Herring";61
1249;"Barbra";"Dickerson";120
1250;"Neoma";"Daugherty";152
1251;"Nanette";"Roman";46
1252;"Adriene";"Rollins";101
1253;"Susannah";"Fields";194
1254;"Dung";"Reid";132
1255;"Ben";"Stone";156
1256;"Nubia";"Anderson";143
1257;"Rosamaria";"Meyer";110
1258;"Todd";"Waters";103
1259;"Kimbery";"Nieves";51
1260;"Phuong";"Wolf";150
1261;"Adelaida";"Hancock";133
1262;"Brianne";"Hays";133
1263;"Rufina";"Chandler";183
1264;"Devin";"Velazquez";128
1265;"Bonita";"Marshall";189
1266;"Myrl";"Gay";56
1267;"Earline";"Gordon";143
1268;"Sung";"Chambers";140
1269;"Gustavo";"Gamble";9
1270;"Ciera";"Webb";1
1271;"Roy";"Chan";154
1272;"Houston";"Vasquez";30
1273;"Cheree";"Hale";67
1274;"Odette";"Moses";90
1275;"Lenita";"Bonner";160
1276;"Shona";"Mcmillan";111
1277;"Piedad";"Irwin";93
1278;"Loan";"Graham";8
1279;"Stan";"Saunders";18
1280;"Jackeline";"Colon";158
1281;"Marlen";"Dawson";106
1282;"Alexis";"Mack";178
1283;"Mica";"Barry";142
1284;"Shanice";"Spears";119
1285;"Garth";"Huff";46
1286;"Dione";"Pratt";137
1287;"Victor";"Pittman";35
1288;"Allie";"Conley";127
1289;"Shanelle";"Anderson";42
1290;"Minnie";"Compton";175
1291;"Shiloh";"Bates";11
1292;"Lakenya";"Oliver";43
1293;"Sally";"Kinney";81
1294;"Edith";"Davenport";180
1295;"Alline";"Beasley";60
1296;"Travis";"Whitley";96
1297;"Vanessa";"West";165
1298;"Trudy";"Riddle";150
1299;"Shauna";"Edwards";185
1300;"Clorinda";"Donovan";187
1301;"Raven";"Curtis";127
1302;"Verda";"Gilbert";21
1303;"Renay";"Atkins";106
1304;"Tama";"Berg";22
1305;"Dalia";"Carson";169
1306;"America";"Swanson";110
1307;"Cinda";"Rocha";160
1308;"Shea";"Howell";59
1309;"Kimberli";"Cline";146
1310;"Emanuel";"Mckee";150
1311;"Whitley";"Cannon";93
1312;"Tereasa";"Bird";143
1313;"Dante";"Grimes";68
1314;"Joeann";"Garrison";180
1315;"Omega";"Johnston";132
1316;"Conrad";"Mueller";94
1317;"Glady";"Wells";78
1318;"Tisha";"Petty";190
1319;"Claris";"Santiago";90
1320;"Obdulia";"Barber";90
1321;"Shantel";"Gregory";104
1322;"Ai";"Forbes";70
1323;"Ebony";"Cotton";188
1324;"Arla";"Ellis";47
1325;"Magdalena";"Sherman";67
1326;"Tarra";"Guerrero";181
1327;"Consuela";"Romero";10
1328;"Cindie";"Franklin";127
1329;"Sharyn";"Brewer";22
1330;"Karren";"Stevenson";51
1331;"Divina";"Reeves";90
1332;"Novella";"Ross";46
1333;"Omega";"Huff";179
1334;"Ashleigh";"Finch";90
1335;"Corina";"Lynch";157
1336;"Joe";"Melton";116
1337;"Bernetta";"Summers";13
1338;"Inez";"Snider";143
1339;"Neida";"King";124
1340;"Tona";"Velasquez";123
1341;"Rozanne";"Reyes";138
1342;"Lekisha";"Pope";172
1343;"Jama";"Rodriquez";69
1344;"Eloisa";"Tucker";88
1345;"Arie";"Hunter";159
1346;"Sanora";"Webster";182
1347;"Kate";"Barber";74
1348;"Yvone";"Guerrero";44
1349;"Kami";"Rios";37
1350;"Annett";"Rush";157
1351;"Carman";"Hardy";187
1352;"Dorothea";"Miranda";69
1353;"Agatha";"Daniels";59
1354;"Alexandria";"Zamora";150
1355;"Thad";"Gilliam";145
1356;"Inger";"Jennings";126
1357;"Karren";"Lamb";87
1358;"Noble";"Glover";1
1359;"Octavia";"Donaldson";145
1360;"Latashia";"Travis";69
1361;"Destiny";"Goodman";195
1362;"Christiana";"Gross";1
1363;"Nestor";"Haynes";40
1364;"Grisel";"Maynard";117
1365;"Shenna";"Espinoza";38
1366;"Trena";"Rogers";2
1367;"Lucile";"Manning";2
1368;"Veronique";"Fulton";117
1369;"Starr";"Schneider";162
1370;"Rona";"Rojas";82
1371;"Pandora";"Estes";183
1372;"Renna";"Williams";107
1373;"Lanora";"Robbins";188
1374;"Juliane";"Dillard";46
1375;"Carlena";"Salinas";118
1376;"Kimberley";"Reynolds";9
1377;"Johana";"Jacobson";169
1378;"Enoch";"Rosario";87
1379;"Dorine";"Thornton";26
1380;"Eliz";"Lynch";4
1381;"Mercedez";"Brooks";68
1382;"Wynona";"Douglas";164
1383;"Desire";"Mcgowan";170
1384;"Elmo";"Sweeney";51
1385;"Kenton";"Hughes";18
1386;"Cesar";"Wilkins";71
1387;"Phylicia";"Stout";18
1388;"Nanette";"Harris";131
1389;"Ulrike";"Chan";97
1390;"Genoveva";"Lloyd";75
1391;"Sheryl";"Chase";81
1392;"Trista";"Lambert";6
1393;"Vivian";"Deleon";118
1394;"Genny";"Fields";53
1395;"Eliseo";"Knight";79
1396;"Delma";"Bailey";83
1397;"Dewayne";"Herring";110
1398;"Nevada";"Hood";142
1399;"Angelika";"Perry";18
1400;"Shayla";"Hart";79
1401;"Willetta";"Murphy";45
1402;"Sandee";"Alvarado";161
1403;"Mila";"Moody";73
1404;"Loyce";"Conway";49
1405;"Thanh";"Figueroa";152
1406;"Farrah";"Orr";183
1407;"Hugh";"Craft";146
1408;"Eleanor";"Mendez";97
1409;"Lamar";"Bush";7
1410;"Lurlene";"Finch";166
1411;"Shanda";"Stevenson";172
1412;"Adrien";"Hunter";114
1413;"Ophelia";"Decker";116
1414;"Sonja";"Walls";38
1415;"Harold";"O'connor";113
1416;"Miranda";"Kennedy";35
1417;"Jasper";"Castro";14
1418;"Penni";"Best";83
1419;"Lurlene";"Cotton";137
1420;"Kelsey";"Noble";152
1421;"Edris";"Barrett";15
1422;"Tempie";"Jacobson";99
1423;"Dollie";"Cervantes";176
1424;"Lashunda";"Cole";11
1425;"Justina";"Jenkins";162
1426;"Londa";"Gould";89
1427;"Mikel";"Wilkerson";23
1428;"Carola";"Johns";113
1429;"Lorrie";"Justice";154
1430;"Tayna";"Wade";170
1431;"Mark";"Benton";45
1432;"Zona";"Cameron";21
1433;"Nicola";"Knight";17
1434;"Elana";"Miles";33
1435;"Merrie";"Fowler";17
1436;"Macie";"Ayers";139
1437;"Son";"Warner";50
1438;"Lee";"Dunn";82
1439;"Florrie";"Little";165
1440;"Ernest";"Rollins";192
1441;"Jamaal";"Morrison";98
1442;"Cassie";"Cline";119
1443;"Lezlie";"Lamb";49
1444;"Ivette";"Estes";18
1445;"Ester";"Acevedo";43
